{
    "brightness": {
        "value": 23,
        "min": 0,
        "max": 100,
        "inc": 1
    },
    "speed": {
        "value": 1.2,
        "min": 0.2,
        "max": 2,
        "inc": 0.1
    },
    "text_color": {
        "value": 4,
        "source": "sources.colors"
    },
    "gradient_color1": {
        "value": 2,
        "source": "sources.colors"
    },
    "gradient_color2": {
        "value": 6,
        "source": "sources.colors"
    },
    "pixelate": {
        "value": 1,
        "source": "sources.yesno"
    },
    "direction": {
        "value": 1,
        "source": "sources.leftright"
    },
    "flip": {
        "value": 1,
        "source": "sources.yesno"
    },
    "image": {
        "value": 11,
        "source": "sources.card"
    },
    "text": {
        "value": 1,
        "source": "sources.texts"
    },
    "action": {
        "value": 0,
        "source": "sources.actions"
    },
    "start_page": "action"
}